Workbook

Sheet README
A1: Inter-rater reliability: six-review subsample (RQ1–RQ7)
A2: Manuscript EAI-D-26-00659 — supplementary material
A4: What this file contains
A5: Every numeric score (0–3) recorded in the authors’ audit tables for the six subsample reviews, paired with the score assigned by a second co-author. The Summary sheet computes the agreement statistics from the Pairs sheet with formulas.
A6: How the second scores were obtained
A7: A second co-author coded the six reviews independently from their full texts, using the same decision rules and the RQ-specific codebooks, without access to the existing scores. The two sets of scores were then compared cell by cell; the Pairs sheet records both.
A8: Counting rule (fixed before computing)
A9: 1. Every numeric score in the audit tables for the six reviews counts as one compared pair.
A10: 2. Where the comparison recorded no disagreement for a cell, the two scores are identical.
A11: 3. Scores that appear twice in the audit trail are counted once: the RQ3 survey-scope table repeats the RQ3 audit scope scores, and the RQ2 audit table repeats the five formulation scores.
A12: 4. Items outside the coding frame (e.g. a “Deep RL” unit proposed by the co-author) and categorical codes that are not 0–3 scores are not counted; they are listed on the Excluded sheet.
A13: 5. Every disagreement recorded in the comparison was checked against the audit table; all 215 matched the authors’ recorded score.
... A19: Authors’ scores: audit-trail tables MRQ1–MRQ7 (*_new_score.tex). Second coder’s scores: independent coding of the six reviews, compared with the authors’ scores.

Sheet Summary
A1: Agreement statistics (pre-discussion)
A3: Compared pairs | B3: =COUNT(Pairs!$F$2:$F$787) -> 786
A4: Exact agreements | B4: =SUM(Pairs!$J$2:$J$787) -> 571
A5: Exact agreement (%) | B5: =B4/B3 -> 0.7264631
A6: Agreements within one level | B6: =SUM(Pairs!$K$2:$K$787) -> 725
A7: Within-one agreement (%) | B7: =B6/B3 -> 0.92239186
A8: Disagreements | B8: =B3-B4 -> 215
A9: of which differ by 1 level | B9: =COUNTIF(Pairs!$I$2:$I$787,1) -> 154
A10: of which differ by 2 levels | B10: =COUNTIF(Pairs!$I$2:$I$787,2) -> 43
A11: of which differ by 3 levels | B11: =COUNTIF(Pairs!$I$2:$I$787,3) -> 18
A12: Co-author scored higher | B12: =COUNTIF(Pairs!$H$2:$H$787,">0") -> 131
A13: Co-author scored higher (% of disagreements) | B13: =B12/B8 -> 0.60930233
A14: Adjacent disagreements at the 2/3 boundary | B14: =COUNTIFS(Pairs!$F$2:$F$787,2,Pairs!$G$2:$G$787,3)+COUNTIFS(Pairs!$F$2:$F$787,3,Pairs!$G$2:$G$787,2) -> 79
A15: 2/3 boundary (% of one-level disagreements) | B15: =B14/B9 -> 0.51298701
A16: Linear-weighted Cohen’s κ | B16: =1-SUMPRODUCT(B21:E24,B28:E31)/SUMPRODUCT(B21:E24,B35:E38) -> 0.70661141
A17: Unweighted Cohen’s κ | B17: =(B4/B3-(F28*B32+F29*C32+F30*D32+F31*E32)/B3^2)/(1-(F28*B32+F29*C32+F30*D32+F31*E32)/B3^2) -> 0.61551238
A20: Linear weights |i−j|/3 (authors’ score in rows, co-author’s in columns) | B20: 0 | C20: 1 | D20: 2 | E20: 3
A21: 0 | B21: 0 | C21: 0.33333333 | D21: 0.66666667 | E21: 1
A22: 1 | B22: 0.33333333 | C22: 0 | D22: 0.33333333 | E22: 0.66666667
A23: 2 | B23: 0.66666667 | C23: 0.33333333 | D23: 0 | E23: 0.33333333
A24: 3 | B24: 1 | C24: 0.66666667 | D24: 0.33333333 | E24: 0
A27: Observed counts | B27: 0 | C27: 1 | D27: 2 | E27: 3 | F27: Row total
A28: 0 | B28: =COUNTIFS(Pairs!$F$2:$F$787,0,Pairs!$G$2:$G$787,0) -> 118 | C28: =COUNTIFS(Pairs!$F$2:$F$787,0,Pairs!$G$2:$G$787,1) -> 13 | D28: =COUNTIFS(Pairs!$F$2:$F$787,0,Pairs!$G$2:$G$787,2) -> 11 | E28: =COUNTIFS(Pairs!$F$2:$F$787,0,Pairs!$G$2:$G$787,3) -> 9 | F28: =SUM(B28:E28) -> 151
A29: 1 | B29: =COUNTIFS(Pairs!$F$2:$F$787,1,Pairs!$G$2:$G$787,0) -> 27 | C29: =COUNTIFS(Pairs!$F$2:$F$787,1,Pairs!$G$2:$G$787,1) -> 75 | D29: =COUNTIFS(Pairs!$F$2:$F$787,1,Pairs!$G$2:$G$787,2) -> 32 | E29: =COUNTIFS(Pairs!$F$2:$F$787,1,Pairs!$G$2:$G$787,3) -> 5 | F29: =SUM(B29:E29) -> 139
A30: 2 | B30: =COUNTIFS(Pairs!$F$2:$F$787,2,Pairs!$G$2:$G$787,0) -> 19 | C30: =COUNTIFS(Pairs!$F$2:$F$787,2,Pairs!$G$2:$G$787,1) -> 3 | D30: =COUNTIFS(Pairs!$F$2:$F$787,2,Pairs!$G$2:$G$787,2) -> 105 | E30: =COUNTIFS(Pairs!$F$2:$F$787,2,Pairs!$G$2:$G$787,3) -> 61 | F30: =SUM(B30:E30) -> 188
A31: 3 | B31: =COUNTIFS(Pairs!$F$2:$F$787,3,Pairs!$G$2:$G$787,0) -> 9 | C31: =COUNTIFS(Pairs!$F$2:$F$787,3,Pairs!$G$2:$G$787,1) -> 8 | D31: =COUNTIFS(Pairs!$F$2:$F$787,3,Pairs!$G$2:$G$787,2) -> 18 | E31: =COUNTIFS(Pairs!$F$2:$F$787,3,Pairs!$G$2:$G$787,3) -> 273 | F31: =SUM(B31:E31) -> 308
A32: Column total | B32: =SUM(B28:B31) -> 173 | C32: =SUM(C28:C31) -> 99 | D32: =SUM(D28:D31) -> 166 | E32: =SUM(E28:E31) -> 348
A34: Expected counts under independence | B34: 0 | C34: 1 | D34: 2 | E34: 3
A35: 0 | B35: =$F28*B$32/$B$3 -> 33.235369 | C35: =$F28*C$32/$B$3 -> 19.019084 | D35: =$F28*D$32/$B$3 -> 31.890585 | E35: =$F28*E$32/$B$3 -> 66.854962
A36: 1 | B36: =$F29*B$32/$B$3 -> 30.594148 | C36: =$F29*C$32/$B$3 -> 17.507634 | D36: =$F29*D$32/$B$3 -> 29.356234 | E36: =$F29*E$32/$B$3 -> 61.541985
A37: 2 | B37: =$F30*B$32/$B$3 -> 41.379135 | C37: =$F30*C$32/$B$3 -> 23.679389 | D37: =$F30*D$32/$B$3 -> 39.704835 | E37: =$F30*E$32/$B$3 -> 83.236641
A38: 3 | B38: =$F31*B$32/$B$3 -> 67.791349 | C38: =$F31*C$32/$B$3 -> 38.793893 | D38: =$F31*D$32/$B$3 -> 65.048346 | E38: =$F31*E$32/$B$3 -> 136.36641
A41: All values are computed by formula from the Pairs sheet.

Sheet By review
A1: Review | B1: Cohort | C1: Pairs | D1: Exact agreements | E1: Exact (%) | F1: Within one level | G1: Within one (%)
A2: Han et al. (2021) | B2: 2019–2021 | C2: =COUNTIF(Pairs!$A$2:$A$787,A2) -> 126 | D2: =COUNTIFS(Pairs!$A$2:$A$787,A2,Pairs!$J$2:$J$787,1) -> 88 | E2: =D2/C2 -> 0.6984127 | F2: =COUNTIFS(Pairs!$A$2:$A$787,A2,Pairs!$K$2:$K$787,1) -> 120 | G2: =F2/C2 -> 0.95238095
A3: Shaqour and Hagishima (2022) | B3: 2022–2023 | C3: =COUNTIF(Pairs!$A$2:$A$787,A3) -> 140 | D3: =COUNTIFS(Pairs!$A$2:$A$787,A3,Pairs!$J$2:$J$787,1) -> 112 | E3: =D3/C3 -> 0.8 | F3: =COUNTIFS(Pairs!$A$2:$A$787,A3,Pairs!$K$2:$K$787,1) -> 130 | G3: =F3/C3 -> 0.92857143
A4: Weinberg et al. (2023) | B4: 2022–2023 | C4: =COUNTIF(Pairs!$A$2:$A$787,A4) -> 128 | D4: =COUNTIFS(Pairs!$A$2:$A$787,A4,Pairs!$J$2:$J$787,1) -> 98 | E4: =D4/C4 -> 0.765625 | F4: =COUNTIFS(Pairs!$A$2:$A$787,A4,Pairs!$K$2:$K$787,1) -> 113 | G4: =F4/C4 -> 0.8828125
A5: Pinthurat et al. (2024) | B5: 2024–2025 | C5: =COUNTIF(Pairs!$A$2:$A$787,A5) -> 136 | D5: =COUNTIFS(Pairs!$A$2:$A$787,A5,Pairs!$J$2:$J$787,1) -> 85 | E5: =D5/C5 -> 0.625 | F5: =COUNTIFS(Pairs!$A$2:$A$787,A5,Pairs!$K$2:$K$787,1) -> 122 | G5: =F5/C5 -> 0.89705882
A6: Kannari et al. (2025) | B6: 2024–2025 | C6: =COUNTIF(Pairs!$A$2:$A$787,A6) -> 116 | D6: =COUNTIFS(Pairs!$A$2:$A$787,A6,Pairs!$J$2:$J$787,1) -> 79 | E6: =D6/C6 -> 0.68103448 | F6: =COUNTIFS(Pairs!$A$2:$A$787,A6,Pairs!$K$2:$K$787,1) -> 105 | G6: =F6/C6 -> 0.90517241
A7: Mohsenpour and Xing (2026) | B7: 2026 | C7: =COUNTIF(Pairs!$A$2:$A$787,A7) -> 140 | D7: =COUNTIFS(Pairs!$A$2:$A$787,A7,Pairs!$J$2:$J$787,1) -> 109 | E7: =D7/C7 -> 0.77857143 | F7: =COUNTIFS(Pairs!$A$2:$A$787,A7,Pairs!$K$2:$K$787,1) -> 135 | G7: =F7/C7 -> 0.96428571
A8: Total | C8: =SUM(C2:C7) -> 786 | D8: =SUM(D2:D7) -> 571 | E8: =D8/C8 -> 0.7264631 | F8: =SUM(F2:F7) -> 725 | G8: =F8/C8 -> 0.92239186

Sheet Pairs
A1: Review | B1: Cohort | C1: RQ | D1: Table | E1: Dimension | F1: Authors’ score | G1: Co-author’s score | H1: Difference (co-author − authors) | I1: Absolute difference | J1: Exact agreement (1/0) | K1: Within one level (1/0) | L1: Disagreement | M1: Audit table label
A2: Han et al. (2021) | B2: 2019–2021 | C2: RQ1 | D2: audit | E2: Method-family characterization | F2: 3 | G2: 3 | H2: =G2-F2 -> 0 | I2: =ABS(H2) -> 0 | J2: =IF(I2=0,1,0) -> 1 | K2: =IF(I2<=1,1,0) -> 1 | L2: No | M2: tab:mrq1_audit_han_2021_recoded
A3: Han et al. (2021) | B3: 2019–2021 | C3: RQ1 | D3: audit | E3: Method-family recommendation | F3: 2 | G3: 2 | H3: =G3-F3 -> 0 | I3: =ABS(H3) -> 0 | J3: =IF(I3=0,1,0) -> 1 | K3: =IF(I3<=1,1,0) -> 1 | L3: No | M3: tab:mrq1_audit_han_2021_recoded
A4: Han et al. (2021) | B4: 2019–2021 | C4: RQ1 | D4: characterization | E4: Actor–critic | F4: 2 | G4: 3 | H4: =G4-F4 -> 1 | I4: =ABS(H4) -> 1 | J4: =IF(I4=0,1,0) -> 0 | K4: =IF(I4<=1,1,0) -> 1 | L4: Yes | M4: tab:mrq1_characterization_han_2021_recoded
A5: Han et al. (2021) | B5: 2019–2021 | C5: RQ1 | D5: characterization | E5: Model-based / hybrid | F5: 0 | G5: 1 | H5: =G5-F5 -> 1 | I5: =ABS(H5) -> 1 | J5: =IF(I5=0,1,0) -> 0 | K5: =IF(I5<=1,1,0) -> 1 | L5: Yes | M5: tab:mrq1_characterization_han_2021_recoded
A6: Han et al. (2021) | B6: 2019–2021 | C6: RQ1 | D6: characterization | E6: Multi-agent / distributed | F6: 0 | G6: 0 | H6: =G6-F6 -> 0 | I6: =ABS(H6) -> 0 | J6: =IF(I6=0,1,0) -> 1 | K6: =IF(I6<=1,1,0) -> 1 | L6: No | M6: tab:mrq1_characterization_han_2021_recoded
A7: Han et al. (2021) | B7: 2019–2021 | C7: RQ1 | D7: characterization | E7: Policy-gradient / policy-based | F7: 2 | G7: 3 | H7: =G7-F7 -> 1 | I7: =ABS(H7) -> 1 | J7: =IF(I7=0,1,0) -> 0 | K7: =IF(I7<=1,1,0) -> 1 | L7: Yes | M7: tab:mrq1_characterization_han_2021_recoded
A8: Han et al. (2021) | B8: 2019–2021 | C8: RQ1 | D8: characterization | E8: Value-based | F8: 3 | G8: 3 | H8: =G8-F8 -> 0 | I8: =ABS(H8) -> 0 | J8: =IF(I8=0,1,0) -> 1 | K8: =IF(I8<=1,1,0) -> 1 | L8: No | M8: tab:mrq1_characterization_han_2021_recoded
A9: Han et al. (2021) | B9: 2019–2021 | C9: RQ1 | D9: recommendation | E9: Actor–critic | F9: 1 | G9: 1 | H9: =G9-F9 -> 0 | I9: =ABS(H9) -> 0 | J9: =IF(I9=0,1,0) -> 1 | K9: =IF(I9<=1,1,0) -> 1 | L9: No | M9: tab:mrq1_recommendation_han_2021_recoded
A10: Han et al. (2021) | B10: 2019–2021 | C10: RQ1 | D10: recommendation | E10: Model-based / hybrid | F10: 0 | G10: 0 | H10: =G10-F10 -> 0 | I10: =ABS(H10) -> 0 | J10: =IF(I10=0,1,0) -> 1 | K10: =IF(I10<=1,1,0) -> 1 | L10: No | M10: tab:mrq1_recommendation_han_2021_recoded
A11: Han et al. (2021) | B11: 2019–2021 | C11: RQ1 | D11: recommendation | E11: Multi-agent / distributed | F11: 0 | G11: 0 | H11: =G11-F11 -> 0 | I11: =ABS(H11) -> 0 | J11: =IF(I11=0,1,0) -> 1 | K11: =IF(I11<=1,1,0) -> 1 | L11: No | M11: tab:mrq1_recommendation_han_2021_recoded
A12: Han et al. (2021) | B12: 2019–2021 | C12: RQ1 | D12: recommendation | E12: Policy-gradient / policy-based | F12: 2 | G12: 2 | H12: =G12-F12 -> 0 | I12: =ABS(H12) -> 0 | J12: =IF(I12=0,1,0) -> 1 | K12: =IF(I12<=1,1,0) -> 1 | L12: No | M12: tab:mrq1_recommendation_han_2021_recoded
A13: Han et al. (2021) | B13: 2019–2021 | C13: RQ1 | D13: recommendation | E13: Value-based | F13: 2 | G13: 2 | H13: =G13-F13 -> 0 | I13: =ABS(H13) -> 0 | J13: =IF(I13=0,1,0) -> 1 | K13: =IF(I13<=1,1,0) -> 1 | L13: No | M13: tab:mrq1_recommendation_han_2021_recoded
... A787: Mohsenpour and Xing (2026) | B787: 2026 | C787: RQ7 | D787: heatmapvals | E787: F9 | F787: 3 | G787: 3 | H787: =G787-F787 -> 0 | I787: =ABS(H787) -> 0 | J787: =IF(I787=0,1,0) -> 1 | K787: =IF(I787<=1,1,0) -> 1 | L787: No | M787: tab:mrq7_heatmapvals_mohsenpour_xing_2026_recoded

Sheet Excluded
A1: Review | B1: RQ | C1: Item proposed by co-author | D1: Reason not counted
A2: Han et al. (2021) | B2: RQ1 | C2: Deep RL direction (characterization 3, recommendation 3) | D2: Unit not in coding frame
A3: Han et al. (2021) | B3: RQ7 | C3: Dominant challenge framing (Technical-dominant → Technical–operational hybrid) | D3: Categorical code, not a 0–3 score
A4: Mohsenpour and Xing (2026) | B4: RQ1 | C4: Deep RL (characterization 3, recommendation 2) | D4: Unit not in coding frame
A5: Mohsenpour and Xing (2026) | B5: RQ7 | C5: Dominant / secondary challenge family; safety/trust emphasis | D5: Categorical codes, not 0–3 scores
A6: Pinthurat et al. (2024) | B6: RQ1 | C6: Deep RL (characterization 3, recommendation 2) | D6: Unit not in coding frame
A7: Pinthurat et al. (2024) | B7: RQ1 | C7: MORL characterization (2) | D7: Not scored for this review in the audit table
A8: Shaqour and Hagishima (2022) | B8: RQ1 | C8: Deep RL direction (characterization 3, recommendation 3) | D8: Unit not in coding frame
A9: Shaqour and Hagishima (2022) | B9: RQ7 | C9: Dominant challenge framing (Technical-dominant → Technical–operational hybrid) | D9: Categorical code, not a 0–3 score
A10: Weinberg et al. (2023) | B10: RQ1 | C10: Deep RL (characterization 2, recommendation 2) | D10: Unit not in coding frame
